{
    "E_actual": 210.0,
    "nu_actual": 0.3,
    "5MP": {
        "displacement": {
            "E": {
                "mean": 209.81881736621622,
                "std": 0.09456507677999053,
                "mean_rel_error": 0.086277444658951,
                "std_rel_error": 0.04503098894285264
            },
            "nu": {
                "mean": 0.2999376905135135,
                "std": 0.00013767417037119004,
                "mean_rel_error": 0.033865670270266664,
                "std_rel_error": 0.03728970171793985
            }
        },
        "strain": {
            "E": {
                "mean": 208.02466996666666,
                "std": 0.8642423775624567,
                "mean_rel_error": 0.9406333492063462,
                "std_rel_error": 0.41154398931545555
            },
            "nu": {
                "mean": 0.30109141511333337,
                "std": 0.00034765242140185416,
                "mean_rel_error": 0.3638050377777739,
                "std_rel_error": 0.11588414046728474
            }
        },
        "VFM": {
            "E": {
                "mean": 208.13111947052198,
                "std": 0.447583791627284,
                "mean_rel_error": 0.8899431092752634,
                "std_rel_error": 0.2131351388701353
            },
            "nu": {
                "mean": 0.3069303935829178,
                "std": 0.0018170316634198375,
                "mean_rel_error": 2.310131194305937,
                "std_rel_error": 0.6056772211399458
            }
        }
    },
    "2MP": {
        "displacement": {
            "E": {
                "mean": 210.2300730484375,
                "std": 0.1795049154460882,
                "mean_rel_error": 0.12813497098214355,
                "std_rel_error": 0.053768895553177876
            },
            "nu": {
                "mean": 0.29931518777499994,
                "std": 0.0001370779861353867,
                "mean_rel_error": 0.22827074166666034,
                "std_rel_error": 0.0456926620451289
            }
        },
        "strain": {
            "E": {
                "mean": 210.24838992461537,
                "std": 0.25694382256361725,
                "mean_rel_error": 0.15263924908424542,
                "std_rel_error": 0.07524749430745369
            },
            "nu": {
                "mean": 0.29769554137846155,
                "std": 0.0005105831227652873,
                "mean_rel_error": 0.7681528738461509,
                "std_rel_error": 0.17019437425509576
            }
        },
        "VFM": {
            "E": {
                "mean": 208.96614840631318,
                "std": 0.6842509659207301,
                "mean_rel_error": 0.5074867667385418,
                "std_rel_error": 0.30165254333201863
            },
            "nu": {
                "mean": 0.30360989371292446,
                "std": 0.0012595916824787309,
                "mean_rel_error": 1.2032979043081669,
                "std_rel_error": 0.41986389415957703
            }
        }
    },
    "0.4MP": {
        "displacement": {
            "E": {
                "mean": 209.79700666666668,
                "std": 0.2249066356096858,
                "mean_rel_error": 0.11696815746031625,
                "std_rel_error": 0.08445322772400018
            },
            "nu": {
                "mean": 0.30027818257600003,
                "std": 0.0006398316697043976,
                "mean_rel_error": 0.19712054577778101,
                "std_rel_error": 0.12340607091007294
            }
        },
        "strain": {
            "E": {
                "mean": 210.23141206363636,
                "std": 0.6773526204100201,
                "mean_rel_error": 0.2817420941558466,
                "std_rel_error": 0.1918394405970936
            },
            "nu": {
                "mean": 0.2971504393136364,
                "std": 0.0011623602109863693,
                "mean_rel_error": 0.9498535621212112,
                "std_rel_error": 0.3874534036621231
            }
        },
        "VFM": {
            "E": {
                "mean": 209.00560992928868,
                "std": 0.6534508002285853,
                "mean_rel_error": 0.47351908129112713,
                "std_rel_error": 0.3111670477278977
            },
            "nu": {
                "mean": 0.302650786642639,
                "std": 0.001237520190730187,
                "mean_rel_error": 0.8835955475463194,
                "std_rel_error": 0.4125067302433957
            }
        }
    }
}