{
    "E_actual": 210.0,
    "nu_actual": 0.3,
    "5MP": {
        "displacement": {
            "E": {
                "mean": 209.81881736621622,
                "std": 0.09456507677999053,
                "mean_rel_error": 0.086277444658951,
                "std_rel_error": 0.04503098894285264
            },
            "nu": {
                "mean": 0.2999376905135135,
                "std": 0.00013767417037119004,
                "mean_rel_error": 0.033865670270266664,
                "std_rel_error": 0.03728970171793985
            }
        },
        "strain": {
            "E": {
                "mean": 208.02466996666666,
                "std": 0.8642423775624567,
                "mean_rel_error": 0.9406333492063462,
                "std_rel_error": 0.41154398931545555
            },
            "nu": {
                "mean": 0.30109141511333337,
                "std": 0.00034765242140185416,
                "mean_rel_error": 0.3638050377777739,
                "std_rel_error": 0.11588414046728474
            }
        },
        "VFM": {
            "E": {
                "mean": 209.8775859381523,
                "std": 0.03995462799025659,
                "mean_rel_error": 0.05829241040367384,
                "std_rel_error": 0.019026013328693612
            },
            "nu": {
                "mean": 0.3003310590713556,
                "std": 9.159476814236966e-05,
                "mean_rel_error": 0.11035302378520166,
                "std_rel_error": 0.030531589380789887
            }
        }
    },
    "2MP": {
        "displacement": {
            "E": {
                "mean": 210.2300730484375,
                "std": 0.1795049154460882,
                "mean_rel_error": 0.12813497098214355,
                "std_rel_error": 0.053768895553177876
            },
            "nu": {
                "mean": 0.29931518777499994,
                "std": 0.0001370779861353867,
                "mean_rel_error": 0.22827074166666034,
                "std_rel_error": 0.0456926620451289
            }
        },
        "strain": {
            "E": {
                "mean": 210.24838992461537,
                "std": 0.25694382256361725,
                "mean_rel_error": 0.15263924908424542,
                "std_rel_error": 0.07524749430745369
            },
            "nu": {
                "mean": 0.29769554137846155,
                "std": 0.0005105831227652873,
                "mean_rel_error": 0.7681528738461509,
                "std_rel_error": 0.17019437425509576
            }
        },
        "VFM": {
            "E": {
                "mean": 210.21475756186436,
                "std": 0.08847491532676188,
                "mean_rel_error": 0.10226550564970066,
                "std_rel_error": 0.0421309120603628
            },
            "nu": {
                "mean": 0.2989453449035243,
                "std": 0.00022709547652858392,
                "mean_rel_error": 0.35155169882523096,
                "std_rel_error": 0.07569849217619465
            }
        }
    },
    "0.4MP": {
        "displacement": {
            "E": {
                "mean": 209.79700666666668,
                "std": 0.2249066356096858,
                "mean_rel_error": 0.11696815746031625,
                "std_rel_error": 0.08445322772400018
            },
            "nu": {
                "mean": 0.30027818257600003,
                "std": 0.0006398316697043976,
                "mean_rel_error": 0.19712054577778101,
                "std_rel_error": 0.12340607091007294
            }
        },
        "strain": {
            "E": {
                "mean": 210.23141206363636,
                "std": 0.6773526204100201,
                "mean_rel_error": 0.2817420941558466,
                "std_rel_error": 0.1918394405970936
            },
            "nu": {
                "mean": 0.2971504393136364,
                "std": 0.0011623602109863693,
                "mean_rel_error": 0.9498535621212112,
                "std_rel_error": 0.3874534036621231
            }
        },
        "VFM": {
            "E": {
                "mean": 209.85936558528724,
                "std": 0.3159172754882874,
                "mean_rel_error": 0.1450323024843845,
                "std_rel_error": 0.07798511007456647
            },
            "nu": {
                "mean": 0.3004246355210861,
                "std": 0.0006678348807423215,
                "mean_rel_error": 0.22134060020208574,
                "std_rel_error": 0.14352460184923552
            }
        }
    }
}