{
    "E_actual": 210.0,
    "nu_actual": 0.3,
    "5MP": {
        "displacement": {
            "E": {
                "mean": 209.92844089411764,
                "std": 0.03186736919036098,
                "mean_rel_error": 0.03407576470588326,
                "std_rel_error": 0.0151749377096957
            },
            "nu": {
                "mean": 0.29995822875294115,
                "std": 0.00014283937770560742,
                "mean_rel_error": 0.03500436470588545,
                "std_rel_error": 0.0351507467409399
            }
        },
        "strain": {
            "E": {
                "mean": 209.98681412857144,
                "std": 0.1950944787476486,
                "mean_rel_error": 0.07251961904761726,
                "std_rel_error": 0.05840493806528723
            },
            "nu": {
                "mean": 0.2997453117,
                "std": 0.000236676096331187,
                "mean_rel_error": 0.10312650000000034,
                "std_rel_error": 0.05287934874284099
            }
        },
        "VFM": {
            "E": {
                "mean": 209.8775859381523,
                "std": 0.03995462799025659,
                "mean_rel_error": 0.05829241040367384,
                "std_rel_error": 0.019026013328693612
            },
            "nu": {
                "mean": 0.3003310590713556,
                "std": 9.159476814236966e-05,
                "mean_rel_error": 0.11035302378520166,
                "std_rel_error": 0.030531589380789887
            }
        }
    },
    "2MP": {
        "displacement": {
            "E": {
                "mean": 210.39247217241382,
                "std": 0.1005327920583463,
                "mean_rel_error": 0.18689151067323453,
                "std_rel_error": 0.04787275812302204
            },
            "nu": {
                "mean": 0.29935996314482766,
                "std": 0.00012800903735552555,
                "mean_rel_error": 0.2133456183907978,
                "std_rel_error": 0.042669679118508524
            }
        },
        "strain": {
            "E": {
                "mean": 210.27090956,
                "std": 0.23801244553582318,
                "mean_rel_error": 0.15501722539683066,
                "std_rel_error": 0.07387572113030523
            },
            "nu": {
                "mean": 0.2976829564733333,
                "std": 0.0005068346512853251,
                "mean_rel_error": 0.772347842222217,
                "std_rel_error": 0.16894488376177505
            }
        },
        "VFM": {
            "E": {
                "mean": 210.21475756186436,
                "std": 0.08847491532676188,
                "mean_rel_error": 0.10226550564970066,
                "std_rel_error": 0.0421309120603628
            },
            "nu": {
                "mean": 0.2989453449035243,
                "std": 0.00022709547652858392,
                "mean_rel_error": 0.35155169882523096,
                "std_rel_error": 0.07569849217619465
            }
        }
    },
    "0.4MP": {
        "displacement": {
            "E": {
                "mean": 209.9101667257143,
                "std": 0.18616157316587634,
                "mean_rel_error": 0.07506812517006606,
                "std_rel_error": 0.06366510527256163
            },
            "nu": {
                "mean": 0.3004429118571429,
                "std": 0.000498885023877266,
                "mean_rel_error": 0.19559777714286036,
                "std_rel_error": 0.10579370199575684
            }
        },
        "strain": {
            "E": {
                "mean": 210.2339028625,
                "std": 0.6841504882138819,
                "mean_rel_error": 0.28172336547618887,
                "std_rel_error": 0.19792536132963431
            },
            "nu": {
                "mean": 0.29708509022499996,
                "std": 0.0011879727165794423,
                "mean_rel_error": 0.9716365916666599,
                "std_rel_error": 0.39599090552648075
            }
        },
        "VFM": {
            "E": {
                "mean": 209.85936558528724,
                "std": 0.3159172754882874,
                "mean_rel_error": 0.1450323024843845,
                "std_rel_error": 0.07798511007456647
            },
            "nu": {
                "mean": 0.3004246355210861,
                "std": 0.0006678348807423215,
                "mean_rel_error": 0.22134060020208574,
                "std_rel_error": 0.14352460184923552
            }
        }
    }
}