{
    "E_actual": 210.0,
    "nu_actual": 0.3,
    "5MP": {
        "displacement": {
            "E": {
                "mean": 209.93630315000001,
                "std": 0.030847968743022296,
                "mean_rel_error": 0.03033183333333579,
                "std_rel_error": 0.014689508925248715
            },
            "nu": {
                "mean": 0.2999629332222222,
                "std": 0.00014431528732730158,
                "mean_rel_error": 0.035923007407406844,
                "std_rel_error": 0.03429720756442641
            }
        },
        "strain": {
            "E": {
                "mean": 210.03441608750003,
                "std": 0.1627281635671556,
                "mean_rel_error": 0.06755592261905144,
                "std_rel_error": 0.04134516089809014
            },
            "nu": {
                "mean": 0.299689255075,
                "std": 0.0002811596125673121,
                "mean_rel_error": 0.12086700833333078,
                "std_rel_error": 0.07002668762788865
            }
        },
        "VFM": {
            "E": {
                "mean": 209.8775859381523,
                "std": 0.03995462799025659,
                "mean_rel_error": 0.05829241040367384,
                "std_rel_error": 0.019026013328693612
            },
            "nu": {
                "mean": 0.3003310590713556,
                "std": 9.159476814236966e-05,
                "mean_rel_error": 0.11035302378520166,
                "std_rel_error": 0.030531589380789887
            }
        }
    },
    "2MP": {
        "displacement": {
            "E": {
                "mean": 210.40004128,
                "std": 0.10132914688911887,
                "mean_rel_error": 0.19049584761904048,
                "std_rel_error": 0.04825197470910422
            },
            "nu": {
                "mean": 0.29936545776,
                "std": 0.00012850818940767528,
                "mean_rel_error": 0.21151407999999333,
                "std_rel_error": 0.04283606313589176
            }
        },
        "strain": {
            "E": {
                "mean": 210.2701488375,
                "std": 0.23613367163827767,
                "mean_rel_error": 0.15417472023809642,
                "std_rel_error": 0.07363957647333762
            },
            "nu": {
                "mean": 0.29768460655,
                "std": 0.0005046519033351227,
                "mean_rel_error": 0.7717978166666603,
                "std_rel_error": 0.16821730111170755
            }
        },
        "VFM": {
            "E": {
                "mean": 210.21475756186436,
                "std": 0.08847491532676188,
                "mean_rel_error": 0.10226550564970066,
                "std_rel_error": 0.0421309120603628
            },
            "nu": {
                "mean": 0.2989453449035243,
                "std": 0.00022709547652858392,
                "mean_rel_error": 0.35155169882523096,
                "std_rel_error": 0.07569849217619465
            }
        }
    },
    "0.4MP": {
        "displacement": {
            "E": {
                "mean": 209.91256053529415,
                "std": 0.18702765414396702,
                "mean_rel_error": 0.07496592436975004,
                "std_rel_error": 0.06360537583241492
            },
            "nu": {
                "mean": 0.3004640966705882,
                "std": 0.0004819489754012078,
                "mean_rel_error": 0.19473375294117673,
                "std_rel_error": 0.10871441881797153
            }
        },
        "strain": {
            "E": {
                "mean": 210.23065830000002,
                "std": 0.6850654950527998,
                "mean_rel_error": 0.28000945238095265,
                "std_rel_error": 0.2001986767592285
            },
            "nu": {
                "mean": 0.29708202062,
                "std": 0.001189738763512036,
                "mean_rel_error": 0.9726597933333265,
                "std_rel_error": 0.3965795878373454
            }
        },
        "VFM": {
            "E": {
                "mean": 209.85936558528724,
                "std": 0.3159172754882874,
                "mean_rel_error": 0.1450323024843845,
                "std_rel_error": 0.07798511007456647
            },
            "nu": {
                "mean": 0.3004246355210861,
                "std": 0.0006678348807423215,
                "mean_rel_error": 0.22134060020208574,
                "std_rel_error": 0.14352460184923552
            }
        }
    }
}