{
    "E_actual": 210.0,
    "nu_actual": 0.3,
    "5MP": {
        "displacement": {
            "E": {
                "mean": 210.01180222,
                "std": 0.03560566906056937,
                "mean_rel_error": 0.01506648571428097,
                "std_rel_error": 0.009594860118223702
            },
            "nu": {
                "mean": 0.30007155692,
                "std": 8.228581450879154e-05,
                "mean_rel_error": 0.032643640000000015,
                "std_rel_error": 0.01598917334120486
            }
        },
        "strain": {
            "E": {
                "mean": 210.13913924000002,
                "std": 0.15086905640390677,
                "mean_rel_error": 0.08737020952381024,
                "std_rel_error": 0.043791997785840614
            },
            "nu": {
                "mean": 0.29963150884,
                "std": 0.00035863414840808897,
                "mean_rel_error": 0.14152716000000085,
                "std_rel_error": 0.0966866383067535
            }
        },
        "VFM": {
            "E": {
                "mean": 209.8775859381523,
                "std": 0.03995462799024008,
                "mean_rel_error": 0.05829241040367385,
                "std_rel_error": 0.01902601332868575
            },
            "nu": {
                "mean": 0.3003310590713556,
                "std": 9.159476814236791e-05,
                "mean_rel_error": 0.1103530237851924,
                "std_rel_error": 0.03053158938078931
            }
        }
    },
    "2MP": {
        "displacement": {
            "E": {
                "mean": 210.50189830000005,
                "std": 0.03445086071798473,
                "mean_rel_error": 0.2389991904761914,
                "std_rel_error": 0.016405171770468917
            },
            "nu": {
                "mean": 0.29951027775999994,
                "std": 0.00015116319534715236,
                "mean_rel_error": 0.1632407466666615,
                "std_rel_error": 0.05038773178238413
            }
        },
        "strain": {
            "E": {
                "mean": 210.25314526000003,
                "std": 0.24035814962835422,
                "mean_rel_error": 0.14498168571428427,
                "std_rel_error": 0.08131255089403054
            },
            "nu": {
                "mean": 0.29768841020000003,
                "std": 0.0004695763687173918,
                "mean_rel_error": 0.7705299333333286,
                "std_rel_error": 0.15652545623913064
            }
        },
        "VFM": {
            "E": {
                "mean": 210.21475756186436,
                "std": 0.08847491532678979,
                "mean_rel_error": 0.10226550564970609,
                "std_rel_error": 0.04213091206037609
            },
            "nu": {
                "mean": 0.2989453449035243,
                "std": 0.0002270954765285552,
                "mean_rel_error": 0.35155169882523096,
                "std_rel_error": 0.07569849217618507
            }
        }
    },
    "0.4MP": {
        "displacement": {
            "E": {
                "mean": 209.97317647999998,
                "std": 0.18874414045430554,
                "mean_rel_error": 0.06884868571428694,
                "std_rel_error": 0.0591700490699502
            },
            "nu": {
                "mean": 0.30073069244,
                "std": 0.0004735489455940232,
                "mean_rel_error": 0.24469076000000484,
                "std_rel_error": 0.1560975241749612
            }
        },
        "strain": {
            "E": {
                "mean": 210.08480024,
                "std": 0.7053527806940323,
                "mean_rel_error": 0.26709032380952497,
                "std_rel_error": 0.2076301836279313
            },
            "nu": {
                "mean": 0.2969715676,
                "std": 0.0012430248067866522,
                "mean_rel_error": 1.0094774666666602,
                "std_rel_error": 0.4143416022622174
            }
        },
        "VFM": {
            "E": {
                "mean": 209.85936558528724,
                "std": 0.31591727548828685,
                "mean_rel_error": 0.14503230248437776,
                "std_rel_error": 0.07798511007457276
            },
            "nu": {
                "mean": 0.3004246355210861,
                "std": 0.0006678348807423251,
                "mean_rel_error": 0.22134060020208574,
                "std_rel_error": 0.14352460184923738
            }
        }
    }
}